tweet_id	tweet_datetime	tweet_unixtime	artist_name	track_title	country
335	2012-02-09 01:44:00	1328748240	Adele	One and Only	AR
897	2012-08-01 15:39:45	1343828385	AFTERSCHOOL	Flashback	AR
939	2012-08-01 15:46:15	1343828775	Britney Spears	Till the World Ends	AR
833	2012-03-29 04:44:22	1332989062	Deftones	Digital Bath	AR
290	2012-02-09 01:38:12	1328747892	Drake	Crew Love	AR
118	2012-03-29 02:45:10	1332981910	Elvis	A Little Less Conversation	AR
977	2012-08-01 15:54:35	1343829275	Josh Strickland	Report to the Floor	AR
450	2012-03-29 03:42:36	1332985356	Radiohead	True Love Waits	AR
735	2012-03-29 04:30:23	1332988223	The Pretty Reckless	Make Me Wanna Die	AR
882	2012-02-09 03:19:58	1328753998	Eminem	Drop the World	AU
382	2012-08-01 20:47:17	1343846837	Netsky	Love Has Gone	BE
439	2012-08-01 21:03:43	1343847823	Tyga	Rack City	BE
519	2012-08-01 21:22:04	1343848924	2 Chainz	Beez in the Trap	BR
125	2012-02-09 01:10:40	1328746240	2Pac	Happy Home	BR
308	2012-02-09 01:40:43	1328748043	30 Seconds to Mars	Kings and Queens	BR
884	2012-01-20 13:32:22	1327062742	Adele	Don't You Remember	BR
961	2012-01-20 13:44:53	1327063493	Adele	Someone Like You	BR
264	2012-02-09 01:34:40	1328747680	Adele	Daydreamer	BR
514	2012-02-09 02:13:12	1328749992	Adele	Someone Like You	BR
365	2012-03-29 03:30:46	1332984646	Adele	Set Fire to the Rain	BR
84	2012-07-30 14:21:20	1343650880	Adele	Set Fire to the Rain	BR
234	2012-08-01 20:13:47	1343844827	Adele	Someone Like You	BR
261	2012-02-09 01:34:40	1328747680	Akon	Angel	BR
634	2012-02-09 02:34:57	1328751297	Alesana	Apology	BR
243	2012-03-29 03:12:32	1332983552	Alice in Chains	Angry Chair	BR
574	2012-02-09 02:23:01	1328750581	Amy Winehouse	Tears Dry on Their Own	BR
787	2012-02-09 03:00:26	1328752826	Avenged Sevenfold	Fiction	BR
614	2012-08-01 14:29:51	1343824191	Avenged Sevenfold	Fiction	BR
333	2012-08-01 20:34:35	1343846075	Avenged Sevenfold	Dear God	BR
586	2012-08-01 14:24:15	1343823855	Avril Lavigne	The Best Damn Thing	BR
944	2012-02-09 03:32:28	1328754748	Behemoth	Conquer All	BR
392	2012-08-01 20:51:28	1343847088	Beyonce	I Was Here	BR
76	2012-02-09 01:02:46	1328745766	Black Squirrel (Broken, Beat & Scarred).mp3	Overkill	BR
713	2012-02-09 02:46:37	1328751997	Black Squirrel (Broken, Beat & Scarred).mp3	Master of Puppets	BR
753	2012-02-09 02:56:30	1328752590	Black Squirrel (Broken, Beat & Scarred).mp3	Of Wolf and Man	BR
640	2012-03-29 04:12:23	1332987143	Black Squirrel (Broken, Beat & Scarred).mp3	Frantic	BR
435	2012-02-09 01:59:12	1328749152	Black Veil Brides	The Mortician's Daughter	BR
244	2012-08-01 20:15:57	1343844957	Black Veil Brides	Fallen Angels	BR
948	2012-01-20 13:43:18	1327063398	BoB feat. Bruno Mars	It Will Rain	BR
1000	2012-01-20 13:47:57	1327063677	BoB feat. Bruno Mars	Grenade	BR
452	2012-02-09 02:03:42	1328749422	BoB feat. Bruno Mars	Count on Me	BR
469	2012-02-09 02:05:07	1328749507	BoB feat. Bruno Mars	Nothing on You	BR
421	2012-02-09 01:58:24	1328749104	Bon Jovi	Wanted Dead or Alive	BR
483	2012-02-09 02:09:02	1328749742	Bon Jovi	Always	BR
731	2012-02-09 02:49:37	1328752177	Bon Jovi	It's My Life	BR
423	2012-08-01 20:59:43	1343847583	Boyce Avenue	Briane	BR
274	2012-02-09 01:36:00	1328747760	Britney Spears	Criminal	BR
449	2012-02-09 02:02:50	1328749370	Britney Spears	Crazy	BR
799	2012-02-09 03:03:09	1328752989	Britney Spears	Don't Let Me Be the Last to Know	BR
278	2012-08-01 20:24:08	1343845448	Britney Spears	Toxic	BR
846	2012-02-02 21:20:51	1328214051	Carrie Underwood	I'll Stand by You	BR
170	2012-02-09 01:17:43	1328746663	Chris Brown	Why Stop Now	BR
302	2012-02-09 01:39:51	1328747991	Chris Brown	Spend It All	BR
845	2012-02-09 03:12:10	1328753530	Colbie Caillat	Brighter Than the Sun	BR
855	2012-08-01 15:31:18	1343827878	Colbie Caillat	Bubbly	BR
163	2012-02-09 01:16:15	1328746575	Coldplay	Paradise	BR
197	2012-02-09 01:21:26	1328746886	Coldplay	Animals	BR
482	2012-02-09 02:08:48	1328749728	Coldplay	Fix You	BR
554	2012-02-09 02:21:04	1328750464	Coldplay	Paradise	BR
578	2012-02-09 02:24:06	1328750646	Coldplay	Charlie Brown	BR
580	2012-02-09 02:24:37	1328750677	Coldplay	Charlie Brown	BR
581	2012-02-09 02:24:37	1328750677	Coldplay	Charlie Brown	BR
593	2012-02-09 02:26:13	1328750773	Coldplay	Charlie Brown	BR
61	2012-03-29 02:32:28	1332981148	Coldplay	Paradise	BR
674	2012-03-29 04:18:00	1332987480	Coldplay	Paradise	BR
233	2012-03-29 03:11:21	1332983481	Criolo	Subirusdoistiozin	BR
665	2012-02-09 02:39:37	1328751577	Cyndi Lauper	True Colors	BR
43	2012-02-09 00:55:35	1328745335	Dead by April	Dreaming	BR
79	2012-07-30 14:20:12	1343650812	Demi Lovato	Don't Forget	BR
171	2012-07-30 14:43:01	1343652181	DEV	In the Dark	BR
991	2012-02-09 03:41:54	1328755314	Doce	Doce	BR
126	2012-02-09 01:10:42	1328746242	Drake	Take Care	BR
916	2012-02-09 03:26:14	1328754374	Elza Soares	Malandro	BR
903	2012-01-20 13:33:41	1327062821	Emily Osment	All the Way Up	BR
1002	2012-08-01 16:01:26	1343829686	Eminem	The Real Slim Shady	BR
990	2012-08-01 15:58:55	1343829535	Epica	Cry for the Moon	BR
72	2012-07-30 14:17:41	1343650661	Evanescence	What You Want	BR
1009	2012-01-20 13:49:45	1327063785	Foo Fighters	Best of You	BR
173	2012-07-30 14:44:45	1343652285	Foo Fighters	Rope	BR
32	2012-02-09 00:53:18	1328745198	Glee Cast	I Want You Back	BR
591	2012-02-09 02:26:03	1328750763	Good Charlotte	Predictable	BR
509	2012-08-01 21:20:44	1343848844	Gorillaz	Every Planet We Reach Is Dead	BR
947	2012-01-20 13:42:49	1327063369	Gusttavo Lima	Eu vou tentando te agarrar	BR
179	2012-07-30 14:47:14	1343652434	Gusttavo Lima	Viva intensamente	BR
777	2012-08-01 15:07:25	1343826445	Gym Class Heroes	Ass Back Home	BR
343	2012-02-09 01:45:49	1328748349	Hairspray	You Can't Stop the Beat	BR
585	2012-02-09 02:25:11	1328750711	Hilary Duff	So Yesterday	BR
229	2012-02-09 01:27:16	1328747236	John Mayer	Say	BR
620	2012-03-29 04:09:01	1332986941	Jorge Ben	Mas que nada	BR
339	2012-08-01 20:36:28	1343846188	Justin Bieber	As Long as You Love Me	BR
5	2012-02-09 00:44:13	1328744653	Justin Timberlake	4 Minutes	BR
864	2012-08-01 15:32:44	1343827964	Justin Timberlake	Dead and Gone	BR
567	2012-02-09 02:22:07	1328750527	Kansas	Dust in the Wind	BR
805	2012-02-09 03:05:08	1328753108	Kansas	Carry on My Wayward Son	BR
960	2012-08-01 15:52:04	1343829124	Katy Perry	Thinking of You	BR
986	2012-08-01 15:56:52	1343829412	Keith Anderson	XXL	BR
814	2012-08-01 15:22:33	1343827353	Kelly Clarkson	Alone	BR
809	2012-03-29 04:40:20	1332988820	Lady Antebellum	Need You Now	BR
401	2012-02-09 01:56:17	1328748977	Lady GaGa	Americano	BR
62	2012-07-30 14:14:49	1343650489	Lady GaGa	Bad Romance	BR
394	2012-08-01 20:52:53	1343847173	Lady GaGa	Government Hooker	BR
141	2012-02-09 01:12:34	1328746354	Lil Wayne	No Love	BR
251	2012-03-29 03:14:05	1332983645	Limp Bizkit	Take a Look Around	BR
457	2012-02-09 02:04:17	1328749457	Lynyrd Skynyrd	The Ballad of Curtis Loew	BR
946	2012-01-20 13:42:31	1327063351	Madonna	Nothing Fails	BR
867	2012-02-09 03:17:06	1328753826	Madonna	Like a Virgin	BR
908	2012-02-09 03:25:02	1328754302	Madonna	Material Girl	BR
337	2012-08-01 20:35:27	1343846127	Madonna	Turn Up the Radio	BR
765	2012-08-01 15:04:48	1343826288	Maskavo	Asas	BR
192	2012-07-30 14:50:56	1343652656	Motorhead	Ace Of Spades	BR
272	2012-08-01 20:21:22	1343845282	Nickelback	Photograph	BR
322	2012-02-09 01:42:24	1328748144	Nicki Minaj	Marilyn Monroe	BR
56	2012-07-30 14:12:44	1343650364	Nightwish	Nemo	BR
230	2012-07-30 14:58:20	1343653100	Nirvana	Come as you are	BR
323	2012-02-09 01:42:31	1328748151	Olly Murs	I'm Ok	BR
428	2012-08-01 21:01:58	1343847718	One Direction	More Than This	BR
237	2012-02-09 01:31:09	1328747469	Ozzy	In My Life	BR
378	2012-02-09 01:54:19	1328748859	Paramore	Turn It Off	BR
131	2012-07-30 14:32:46	1343651566	Paramore	Brighter	BR
291	2012-08-01 20:26:32	1343845592	Paramore	In the Mourning	BR
411	2012-03-29 03:37:12	1332985032	Paula Fernandes	Voa	BR
270	2012-03-29 03:16:26	1332983786	Prefab Sprout	Bonny	BR
891	2012-01-20 13:33:15	1327062795	Prince	Purple Rain	BR
195	2012-07-30 14:50:57	1343652657	R.H.C.P.	Tell Me Baby	BR
187	2012-02-09 01:20:45	1328746845	Rage Against The Machine	Killing in the Name	BR
96	2012-03-29 02:40:10	1332981610	Rammstein	Herzeleid	BR
227	2012-03-29 03:10:06	1332983406	Rammstein	Amour	BR
355	2012-08-01 20:40:18	1343846418	Regina Spektor	Fidelity	BR
122	2012-02-09 01:10:34	1328746234	Rihanna	Talk That Talk	BR
128	2012-02-09 01:10:52	1328746252	Rihanna	We Found Love	BR
130	2012-02-09 01:11:01	1328746261	Rihanna	You da One	BR
132	2012-02-09 01:11:08	1328746268	Rihanna	Princess of China	BR
135	2012-02-09 01:11:26	1328746286	Rihanna	You da One	BR
205	2012-02-09 01:24:55	1328747095	Rihanna	Talk That Talk	BR
396	2012-02-09 01:55:24	1328748924	Rihanna	You da One	BR
854	2012-02-09 03:12:59	1328753579	Rihanna	Skin	BR
532	2012-02-09 02:15:43	1328750143	Rise Against	Injection	BR
783	2012-08-01 15:12:37	1343826757	Roxette	Milk and Toast and Honey	BR
358	2012-02-09 01:48:48	1328748528	Sak Noel	Loca People	BR
372	2012-02-09 01:52:48	1328748768	Simple Plan	Untitled	BR
733	2012-03-29 04:29:53	1332988193	Skank	Resposta	BR
442	2012-08-01 21:03:58	1343847838	Skank	Vou deixar	BR
24	2012-02-09 00:48:30	1328744910	Slipknot	Iowa	BR
822	2012-02-09 03:07:19	1328753239	Slipknot	Duality	BR
745	2012-08-01 14:58:57	1343825937	Slipknot	Sulfur	BR
127	2012-03-29 02:47:45	1332982065	Stone Sour	Digital (Did You Tell)	BR
488	2012-03-29 03:47:29	1332985649	System of a Down	Lonely day	BR
848	2012-02-02 21:20:57	1328214057	T-ara	Bo peep Bo peep	BR
59	2012-03-29 02:32:11	1332981131	Taylor Swift	Should've Said No	BR
329	2012-03-29 03:24:27	1332984267	Tequila Baby	Voltas na sua Cama	BR
811	2012-02-09 03:05:52	1328753152	The Cardigans	My Favourite Game	BR
999	2012-08-01 16:01:17	1343829677	The Pretty Reckless	Miss Nothing	BR
297	2012-02-09 01:39:49	1328747989	The Wanted	Glad You Came	BR
85	2012-07-30 14:21:32	1343650892	The Wanted	Warzone	BR
842	2012-02-02 21:20:19	1328214019	Three Days Grace	Just Like You	BR
422	2012-08-01 20:58:06	1343847486	Tokio Hotel	An deiner Seite	BR
106	2012-03-29 02:42:32	1332981752	Train	If It's Love	BR
820	2012-08-01 15:23:46	1343827426	Trey Songz	Bottoms Up	BR
964	2012-01-20 13:45:27	1327063527	U2	One	BR
664	2012-08-01 14:40:43	1343824843	Vanessa Carlton	Pretty Baby	BR
804	2012-03-29 04:39:10	1332988750	Whitney	I Will Always Love You	BR
182	2012-07-30 14:48:12	1343652492	Wiz Khalifa	This Plane	BR
10	2012-02-09 00:45:11	1328744711	Allman Brothers Band	Stand Back	CA
503	2012-02-09 02:12:02	1328749922	Bruce Cockburn	Wondering Where the Lions Are	CA
11	2012-02-09 00:45:12	1328744712	Cass Elliot	New World Coming	CA
180	2012-02-09 01:19:35	1328746775	Deadmau5	Slip	CA
216	2012-02-09 01:26:16	1328747176	Deadmau5	Some Kind of Blue	CA
249	2012-02-09 01:32:50	1328747570	Deadmau5	Alone With you	CA
319	2012-02-09 01:42:00	1328748120	Deadmau5	I Remember	CA
267	2012-08-01 20:21:04	1343845264	Fleetwood Mac	Hold Me	CA
546	2012-08-01 21:27:35	1343849255	Fleetwood Mac	Little Lies	CA
408	2012-08-01 20:54:05	1343847245	Heart	All I Wanna Do Is Make Love to You	CA
415	2012-02-09 01:57:53	1328749073	J Lo	Waiting for Tonight	CA
402	2012-08-01 20:54:03	1343847243	Joe Walsh	Life's Been Good	CA
13	2012-02-09 00:45:17	1328744717	McCartney	Jet	CA
82	2012-02-09 01:03:05	1328745785	McCartney	Jet	CA
384	2012-02-09 01:55:05	1328748905	McCartney	Bogey Music	CA
498	2012-02-09 02:11:59	1328749919	McCartney	How Many People	CA
500	2012-02-09 02:12:01	1328749921	McCartney	Put It There	CA
189	2012-02-09 01:21:05	1328746865	Mick Jagger	Hard Woman	CA
381	2012-02-09 01:55:04	1328748904	Neil Diamond	September Morn	CA
632	2012-03-29 04:12:00	1332987120	Nicki Minaj	Pound the Alarm	CA
289	2012-02-09 01:38:07	1328747887	Pretenders	I Should Of	CA
389	2012-02-09 01:55:06	1328748906	Pretenders	Private Life	CA
464	2012-08-01 21:11:10	1343848270	Prince	Purple Rain	CA
90	2012-02-09 01:03:08	1328745788	Rod Stewart	Seems Like a Long Time	CA
91	2012-02-09 01:03:08	1328745788	Rod Stewart	Seems Like a Long Time	CA
188	2012-02-09 01:21:04	1328746864	Rod Stewart	Seems Like a Long Time	CA
194	2012-02-09 01:21:06	1328746866	Rod Stewart	Smitten	CA
281	2012-02-09 01:38:05	1328747885	Rod Stewart	Smitten	CA
287	2012-02-09 01:38:06	1328747886	Rod Stewart	Sometimes When We Touch	CA
505	2012-02-09 02:12:02	1328749922	Rod Stewart	Find a Reason to Believe	CA
190	2012-02-09 01:21:05	1328746865	Rolling Stones	No Use in Crying	CA
144	2012-07-30 14:34:27	1343651667	Sade	Hang on to your love	CA
265	2012-08-01 20:21:04	1343845264	Santana	Evil Ways	CA
269	2012-08-01 20:21:05	1343845265	Sheena Easton	Morning Train	CA
344	2012-08-01 20:37:34	1343846254	Sheena Easton	Morning Train	CA
284	2012-02-09 01:38:05	1328747885	Spirit of the West	Wrecking Ball	CA
191	2012-02-09 01:21:06	1328746866	Steely Dan	Any Major Dude Will Tell You	CA
263	2012-08-01 20:21:03	1343845263	Supertramp	The Logical Song	CA
548	2012-08-01 21:27:35	1343849255	Talking Heads	Burning Down the House	CA
471	2012-08-01 21:11:13	1343848273	The Go-Go's	We Got the Beat	CA
543	2012-08-01 21:27:34	1343849254	The Go-Go's	We Got the Beat	CA
80	2012-02-09 01:03:05	1328745785	The Kinks	Who'll Be the Next in Line	CA
89	2012-02-09 01:03:07	1328745787	The Kinks	Don't Forget to Dance	CA
346	2012-08-01 20:37:35	1343846255	The Kinks	Victoria	CA
405	2012-08-01 20:54:04	1343847244	The Ventures	Hawaii Five-o	CA
673	2012-02-09 02:41:00	1328751660	The White Buffalo	Wish It Was True	CA
86	2012-02-09 01:03:07	1328745787	U2	Bullet the Blue Sky	CA
462	2012-08-01 21:11:09	1343848269	Van Halen	Jump	CA
393	2012-02-09 01:55:07	1328748907	Van Morrison	And it Stoned Me	CA
468	2012-08-01 21:11:11	1343848271	Van Morrison	Bright Side of the Road	CA
390	2012-02-09 01:55:08	1328748908	DIO	Sunset Superman	CL
446	2012-02-09 02:02:26	1328749346	DIO	Holy Diver	CL
637	2012-08-01 14:37:05	1343824625	Queen	Somebody to Love	CL
75	2012-07-30 14:17:58	1343650678	The Killers	Runaways	CO
517	2012-03-29 03:50:21	1332985821	Incubus	Dig	CR
375	2012-02-09 01:53:13	1328748793	2raumwohnung	36 Grad	DE
712	2012-03-29 04:25:09	1332987909	Adele	Rolling in the Deep	DE
794	2012-08-01 15:15:33	1343826933	Alexandra Stan	Mr. Saxobeat	DE
558	2012-02-09 02:21:12	1328750472	Aloe Blacc	Loving You Is Killing Me	DE
752	2012-02-09 02:56:22	1328752582	Alphaville	I Die For You Today	DE
502	2012-08-01 21:19:27	1343848767	Alphaville	Big in Japan	DE
299	2012-08-01 20:27:33	1343845653	Andreas Bourani	Nur in meinem Kopf	DE
513	2012-08-01 21:21:26	1343848886	Anna Depenbusch	Alles auf Null	DE
526	2012-02-09 02:14:14	1328750054	Auletta	Alles was ich bin	DE
138	2012-03-29 02:49:34	1332982174	Auletta	Gold	DE
655	2012-02-09 02:38:40	1328751520	Aura	Geronimo	DE
34	2012-03-29 02:25:55	1332980755	Avicci	Levels	DE
21	2012-07-30 14:07:27	1343650047	Avicci	Levels	DE
119	2012-07-30 14:30:27	1343651427	Avicci	Levels	DE
154	2012-03-29 02:53:41	1332982421	Ayman	Mein Stern	DE
610	2012-03-29 04:05:28	1332986728	B.E.P.	Just Can't Get Enough	DE
326	2012-08-01 20:32:58	1343845978	B.E.P.	I Gotta Feeling	DE
720	2012-08-01 14:54:14	1343825654	Big Time Rush	Boyfriend	DE
114	2012-02-09 01:07:55	1328746075	Bloodhound Gang	The Bad Touch	DE
621	2012-03-29 04:09:20	1332986960	Bloodhound Gang	The Bad Touch	DE
81	2012-03-29 02:37:25	1332981445	BoB feat. Bruno Mars	Marry You	DE
64	2012-07-30 14:14:57	1343650497	BoB feat. Bruno Mars	Grenade	DE
66	2012-07-30 14:16:17	1343650577	Brooke Fraser	Something in the Water	DE
260	2012-03-29 03:14:49	1332983689	Caro Emerald	A Night Like This	DE
252	2012-03-29 03:14:12	1332983652	Chris Brown	Yeah 3X	DE
211	2012-02-09 01:25:47	1328747147	Christina Aguilera	Moves Like Jagger	DE
909	2012-02-09 03:25:27	1328754327	Christina Perri	Jar of Hearts	DE
341	2012-03-29 03:25:43	1332984343	Clueso	Gewinner	DE
121	2012-03-29 02:46:46	1332982006	Cover Drive	Twilight	DE
475	2012-02-09 02:06:15	1328749575	Culcha Candela	Hamma	DE
956	2012-01-20 13:44:23	1327063463	David Guetta	Sweat	DE
826	2012-02-09 03:07:50	1328753270	Des'Ree	You Gotta Be	DE
321	2012-02-09 01:42:17	1328748137	Dido	White Flag	DE
611	2012-02-09 02:29:19	1328750959	Die Fantastischen Vier	Tag am Meer	DE
466	2012-08-01 21:11:11	1343848271	Die Fantastischen Vier	Die da	DE
17	2012-07-30 14:07:12	1343650032	Die Kurzen Hosen	Tage wie diese	DE
887	2012-02-09 03:20:16	1328754016	Dragonette	Hello	DE
925	2012-01-20 13:37:16	1327063036	Eisblume	Louise	DE
569	2012-02-09 02:22:13	1328750533	Frida Gold	Gold	DE
774	2012-08-01 15:07:07	1343826427	Fun	We Are Young	DE
972	2012-02-09 03:37:36	1328755056	Glasperlenspiel	Echt	DE
293	2012-03-29 03:20:08	1332984008	Glasperlenspiel	Ich bin ich	DE
486	2012-08-01 21:16:14	1343848574	Glasperlenspiel	Echt	DE
566	2012-08-01 21:36:09	1343849769	Glasperlenspiel	Freundschaft	DE
568	2012-08-01 21:36:29	1343849789	Glasperlenspiel	Freundschaft	DE
501	2012-03-29 03:49:13	1332985753	Gotye	Somebody That I Used to Know	DE
837	2012-03-29 04:44:33	1332989073	Gotye	Somebody That I Used to Know	DE
770	2012-08-01 15:06:14	1343826374	Gotye	Somebody That I Used to Know	DE
937	2012-01-20 13:40:52	1327063252	Hurts	Wonderful Life	DE
149	2012-03-29 02:51:38	1332982298	Inna	Sun Is Up	DE
605	2012-03-29 04:04:25	1332986665	Ivy Quainoo	Do You Like What You See	DE
883	2012-08-01 15:37:09	1343828229	Ivy Quainoo	Do You Like What You See	DE
434	2012-08-01 21:03:19	1343847799	Jupiter Jones	Still	DE
412	2012-02-09 01:57:16	1328749036	Karat	Der blaue Planet	DE
570	2012-08-01 21:36:58	1343849818	Kate Nash	Foundations	DE
657	2012-08-01 14:39:15	1343824755	Katy Perry	Wide Awake	DE
942	2012-08-01 15:47:06	1343828826	Katy Perry	Wide Awake	DE
348	2012-08-01 20:37:47	1343846267	Katy Perry	Firework	DE
538	2012-08-01 21:26:39	1343849199	Keri Hilson	I Like	DE
743	2012-02-09 02:52:55	1328752375	Kid Cudi	Memories	DE
771	2012-03-29 04:34:52	1332988492	Kings Of Leon	Sex on Fire	DE
12	2012-03-29 02:21:55	1332980515	Klee	Adieu	DE
893	2012-01-20 13:33:32	1327062812	Lady GaGa	Marry the Night	DE
313	2012-03-29 03:23:28	1332984208	Lady GaGa	Alejandro	DE
533	2012-03-29 03:53:30	1332986010	Laith Al-Deen	Bilder von dir	DE
236	2012-08-01 20:13:54	1343844834	Limp Bizkit	Behind Blue Eyes	DE
557	2012-08-01 21:33:13	1343849593	Linkin Park	Burn It Down	DE
952	2012-01-20 13:44:17	1327063457	M. Jackson	Beat It	DE
618	2012-03-29 04:08:31	1332986911	Maffay	Alt Wie Ein Stein	DE
231	2012-03-29 03:10:58	1332983458	Mark Forster	Auf dem Weg	DE
481	2012-02-09 02:08:39	1328749719	Marlon Roudette	New Age	DE
613	2012-08-01 14:29:50	1343824190	Maroon 5	Payphone	DE
536	2012-03-29 03:54:29	1332986069	Medina	Lonely	DE
387	2012-08-01 20:49:12	1343846952	Moby	Why Does My Heart Feel So Bad	DE
218	2012-03-29 03:08:20	1332983300	Natalie Imbruglia	Torn	DE
157	2012-07-30 14:37:34	1343651854	Nelly Furtado	Spirit indestructible	DE
819	2012-02-09 03:07:17	1328753237	Nena	Geheimnis	DE
361	2012-03-29 03:29:20	1332984560	Nena	Libellen	DE
803	2012-08-01 15:19:08	1343827148	Nena	Rabatz	DE
590	2012-08-01 14:24:28	1343823868	Nickelback	Lullaby	DE
165	2012-02-09 01:17:04	1328746624	Nossa Nossa	Ai se eu te Pego	DE
147	2012-07-30 14:34:48	1343651688	Of Monsters and Men	Little Talks	DE
209	2012-03-29 03:04:59	1332983099	Olly Murs	Heart Skips a Beat	DE
797	2012-03-29 04:37:28	1332988648	Peter Fox	Haus am See	DE
98	2012-02-09 01:04:15	1328745855	Philipp Poisel	Eiserner Steg	DE
796	2012-08-01 15:15:47	1343826947	Philipp Poisel	Eiserner Steg	DE
383	2012-03-29 03:33:32	1332984812	Pitbull	Give me everything	DE
279	2012-03-29 03:18:35	1332983915	Rheingold	Dreiklangsdimensionen	DE
631	2012-08-01 14:35:48	1343824548	Rihanna	Where Have You Been	DE
970	2012-08-01 15:53:34	1343829214	Rihanna	Where Have You Been	DE
491	2012-02-09 02:10:17	1328749817	Rio Reiser	Junimond	DE
915	2012-08-01 15:42:30	1343828550	Rolf Zuckowski	Ein Vogel wollte Hochzeit machen	DE
214	2012-02-09 01:26:14	1328747174	Seeed	Dickes B	DE
410	2012-03-29 03:36:41	1332985001	Shakira	Gypsy	DE
701	2012-03-29 04:21:36	1332987696	Sia	Titanium	DE
993	2012-01-20 13:47:37	1327063657	Silbermond	Himmel auf	DE
866	2012-02-09 03:16:57	1328753817	Silbermond	Himmel auf	DE
87	2012-03-29 02:38:07	1332981487	Silbermond	Himmel auf	DE
380	2012-08-01 20:47:17	1343846837	Silbermond	Himmel auf	DE
54	2012-03-29 02:30:40	1332981040	Silly	Ich sag nicht ja	DE
719	2012-02-09 02:47:23	1328752043	Sons of Midnight	The Fire	DE
994	2012-02-09 03:42:24	1328755344	Sunrise Avenue	Fairytale Gone Bad	DE
386	2012-03-29 03:33:32	1332984812	Sunrise Avenue	Hollywood Hills	DE
825	2012-08-01 15:25:49	1343827549	Taio Cruz	Break Your Heart	DE
444	2012-08-01 21:04:23	1343847863	Taio Cruz	There She Goes	DE
99	2012-02-09 01:04:31	1328745871	The BossHoss	Don't Gimme That	DE
304	2012-03-29 03:22:17	1332984137	The BossHoss	Don't Gimme That	DE
69	2012-03-29 02:34:18	1332981258	Tokio Hotel	Durch den Monsun	DE
653	2012-03-29 04:14:43	1332987283	Tove Styrke	Call My Name	DE
203	2012-03-29 03:03:46	1332983026	Unheilig	So wie du warst	DE
430	2012-03-29 03:40:38	1332985238	Unheilig	So wie du warst	DE
929	2012-08-01 15:45:01	1343828701	Unheilig	Unter deiner Flagge	DE
951	2012-02-09 03:33:38	1328754818	Vaya Con Dios	Nah Neh Nah	DE
395	2012-02-09 01:55:21	1328748921	Xavier Naidoo	Dieser Weg	DE
527	2012-08-01 21:23:58	1343849038	Xavier Naidoo	Ich kenne nichts	DE
376	2012-08-01 20:47:09	1343846829	Avenged Sevenfold	Dear God	DO
193	2012-03-29 03:01:07	1332982867	Armageddon	Fire Water	ES
742	2012-08-01 14:58:44	1343825924	Bow Wow	We In da Club	ES
142	2012-07-30 14:34:24	1343651664	Chris Brown	Mirage	ES
973	2012-08-01 15:53:57	1343829237	Cypress Hill	Boom Biddy Bye Bye	ES
703	2012-08-01 14:49:01	1343825341	Dream Theater	Pull Me Under	ES
506	2012-03-29 03:49:35	1332985775	Guaco	Luciana	ES
429	2012-08-01 21:02:24	1343847744	Joan Jett	Do You Wanna Touch Me	ES
936	2012-01-20 13:40:25	1327063225	Madeon	Shuriken	ES
888	2012-01-20 13:32:34	1327062754	Pendulum	Witchcraft	ES
660	2012-08-01 14:40:01	1343824801	Poison	Your Mama Don't Dance	ES
920	2012-02-09 03:26:57	1328754417	The Red Jumpsuit Apparatus	Your Guardian Angel	ES
910	2012-01-20 13:35:26	1327062926	Three Days Grace	Break	ES
886	2012-08-01 15:37:55	1343828275	50 Cent	I Ain't Gonna Lie	FR
904	2012-08-01 15:41:24	1343828484	Alicia Keys	New Day	FR
847	2012-08-01 15:29:27	1343827767	Ashanti	The Way That I Love You	FR
102	2012-07-30 14:26:50	1343651210	Barry	Can't Get Enough of Your Love Baby	FR
594	2012-08-01 14:24:34	1343823874	Carl Douglas	Kung fu fighting	FR
4	2012-07-30 14:03:43	1343649823	Carly Rae Jepsen	Call Me Maybe	FR
140	2012-07-30 14:33:45	1343651625	Cherish	Do It to It	FR
520	2012-02-09 02:13:59	1328750039	Chris Brown	Deuces	FR
407	2012-02-09 01:56:35	1328748995	Coldplay	Hurts Like Heaven	FR
33	2012-07-30 14:08:55	1343650135	Elliott Yamin	Wait for You	FR
78	2012-07-30 14:18:27	1343650707	Foster The People	Warrant	FR
332	2012-08-01 20:34:33	1343846073	K Franklin	My Life Is in Your Hands	FR
768	2012-08-01 15:06:02	1343826362	Kaysha	One love	FR
419	2012-08-01 20:57:34	1343847454	Kery James	L'Impasse	FR
684	2012-08-01 14:43:38	1343825018	Keyshia Cole	Love	FR
633	2012-08-01 14:36:03	1343824563	Kid Ink	Rumpshaker	FR
292	2012-02-09 01:38:36	1328747916	L.B.	Mambo Number 5	FR
123	2012-07-30 14:31:19	1343651479	Lil Wayne	The Motto	FR
305	2012-08-01 20:27:56	1343845676	Miley Cyrus	I Hope You Find It	FR
210	2012-07-30 14:52:42	1343652762	Nas	Daughters	FR
438	2012-08-01 21:03:41	1343847821	Nero	Promises	FR
413	2012-08-01 20:56:04	1343847364	Paramore	Brick by Boring Brick	FR
318	2012-08-01 20:31:00	1343845860	Rammstein	Ich will	FR
367	2012-08-01 20:43:40	1343846620	Rick Ross	Pirates	FR
183	2012-07-30 14:48:19	1343652499	Rihanna	Man Down	FR
222	2012-07-30 14:56:41	1343653001	Rihanna	Te amo	FR
148	2012-07-30 14:34:52	1343651692	Taylor Swift	Mine	FR
48	2012-07-30 14:10:22	1343650222	Tina	Je Voudrais	FR
786	2012-08-01 15:14:34	1343826874	Nas	Nasty	GA
238	2012-08-01 20:15:20	1343844920	Nas	Stay	GA
18	2012-03-29 02:23:28	1332980608	A$AP Rocky	Wassup	GB
844	2012-02-02 21:20:32	1328214032	Air	Seven Stars	GB
790	2012-08-01 15:15:08	1343826908	All Time Low	Therapy	GB
1	2012-02-09 00:43:00	1328744580	Anonymous 4	Agnus dei	GB
110	2012-02-09 01:07:08	1328746028	Arcade Fire	Power Out	GB
945	2012-01-20 13:41:58	1327063318	Arctic Monkeys	Black Treacle	GB
307	2012-02-09 01:40:40	1328748040	Ash	Does Your Mother Know	GB
549	2012-03-29 03:56:16	1332986176	B.E.P.	Meet me halfway	GB
919	2012-01-20 13:36:32	1327062992	Biffy Clyro	Bubbles	GB
461	2012-02-09 02:04:40	1328749480	Bill Medley	I've Had the Time of My Life	GB
301	2012-03-29 03:21:25	1332984085	Bob Dylan	Things Have Changed	GB
616	2012-03-29 04:08:18	1332986898	Bob Marley	Buffalo Soldier	GB
868	2012-02-09 03:17:31	1328753851	Boney M	Daddy Cool	GB
93	2012-02-09 01:03:38	1328745818	Bowie	Sound and Vision	GB
755	2012-02-09 02:56:34	1328752594	Brothers Johnson	Strawberry Letter 23	GB
716	2012-02-09 02:47:14	1328752034	Bruce Springsteen	We Take Care of Our Own	GB
356	2012-03-29 03:27:40	1332984460	Carly Rae Jepsen	Call Me Maybe	GB
15	2012-02-09 00:45:20	1328744720	Cass McCombs	Love Thine Enemy	GB
962	2012-02-09 03:35:04	1328754904	Cheap Trick	I Want You to Want Me	GB
246	2012-03-29 03:13:27	1332983607	Chris Isaak	My Baby Left Me	GB
108	2012-02-09 01:06:57	1328746017	Christina Perri	A Thousand Years	GB
40	2012-03-29 02:26:40	1332980800	Clams Casino	Illest Alive	GB
751	2012-03-29 04:32:00	1332988320	Clutch	Burning Beard	GB
511	2012-02-09 02:12:46	1328749966	ColdFrapp	Melancholy Sky	GB
535	2012-02-09 02:17:04	1328750224	Coldplay	Life in Technicolor ii	GB
425	2012-08-01 21:00:37	1343847637	Coldplay	Life in Technicolor	GB
525	2012-03-29 03:52:34	1332985954	Conor Maynard	Can't Say No	GB
300	2012-02-09 01:39:51	1328747991	Corinne Bailey Rae	Like a Star	GB
958	2012-02-09 03:34:46	1328754886	D1	Sub Zero	GB
271	2012-02-09 01:35:28	1328747728	David Shrigley	Don'ts	GB
515	2012-03-29 03:50:13	1332985813	Dean Martin	Sway	GB
662	2012-03-29 04:16:38	1332987398	Delilah	Love You So	GB
342	2012-03-29 03:26:02	1332984362	Desireless	Voyage voyage	GB
856	2012-07-23 16:25:04	1343053504	Destiny's Child	Independent Woman	GB
615	2012-02-09 02:30:50	1328751050	Dire Straits	Walk of Life	GB
240	2012-02-09 01:31:12	1328747472	Django Django	Default	GB
242	2012-02-09 01:31:38	1328747498	Drugstore	El President	GB
927	2012-02-09 03:28:15	1328754495	DVA	Just Vybe	GB
294	2012-02-09 01:38:53	1328747933	DZ Deathrays	No Sleep	GB
738	2012-02-09 02:51:33	1328752293	Eddie Floyd	Knock on Wood	GB
899	2012-01-20 13:33:39	1327062819	Elbow	Open Arms	GB
338	2012-02-09 01:44:10	1328748250	Elbow	Open Arms	GB
27	2012-02-09 00:49:51	1328744991	Eugene McGuinness	Shotgun	GB
551	2012-08-01 21:28:57	1343849337	Fall Out Boy	Hum Hallelujah	GB
1008	2012-01-20 13:49:42	1327063782	Foster The People	Houdini	GB
978	2012-02-09 03:39:21	1328755161	Gabrielle	Give Me a Little More Time	GB
223	2012-02-09 01:26:48	1328747208	Gang Colours	Fancy Restaurant	GB
253	2012-02-09 01:33:14	1328747594	Gilles Peterson's Havana Cultura Band	Agita	GB
696	2012-03-29 04:21:21	1332987681	Giorgio	Together in Electric Dreams	GB
623	2012-03-29 04:10:19	1332987019	Guided by Voices	Teenage FBI	GB
579	2012-03-29 04:00:20	1332986420	Guillemots	Get Over It	GB
785	2012-08-01 15:13:19	1343826799	Halestorm	I Get Off	GB
26	2012-02-09 00:49:42	1328744982	Happy Mondays	Loose Fit	GB
600	2012-03-29 04:03:45	1332986625	Hooray for Earth	No Love	GB
534	2012-03-29 03:53:45	1332986025	Jack Savoretti	Knock Knock	GB
443	2012-03-29 03:41:54	1332985314	Jack White	Sixteen Saltines	GB
644	2012-03-29 04:13:01	1332987181	James Morrison	One Life	GB
403	2012-02-09 01:56:20	1328748980	Japan	Quiet Life	GB
718	2012-03-29 04:26:51	1332988011	Jason Mraz	I Won't Give Up	GB
596	2012-02-09 02:26:23	1328750783	Jessie J	Domino	GB
922	2012-02-09 03:26:58	1328754418	Jimmy Cliff	The Harder They Come	GB
404	2012-03-29 03:35:46	1332984946	JLS	Proud	GB
732	2012-03-29 04:29:02	1332988142	Joker	Lost	GB
1005	2012-01-20 13:49:20	1327063760	Jona Lewie	You'll Always Find Me in the Kitchen at Parties	GB
767	2012-03-29 04:34:02	1332988442	Katy Perry	Part of Me	GB
695	2012-02-09 02:43:48	1328751828	Kiki Dee	Star	GB
542	2012-03-29 03:55:08	1332986108	Laura Cantrell	Oh So Many Years	GB
793	2012-03-29 04:37:12	1332988632	Laura Marling	All My Rage	GB
181	2012-03-29 02:58:57	1332982737	Leonard Cohen	Different Sides	GB
258	2012-02-09 01:34:10	1328747650	Lloyd Cole	Lost Weekend	GB
559	2012-03-29 03:57:09	1332986229	Lorna Bennett	Breakfast in Bed	GB
115	2012-03-29 02:44:43	1332981883	Love	Andmoreagain	GB
100	2012-02-09 01:04:44	1328745884	M83	Reunion	GB
668	2012-02-09 02:40:26	1328751626	Michael Kiwanuka	Home Again	GB
592	2012-03-29 04:01:28	1332986488	Michael Kiwanuka	I'm Getting Ready	GB
219	2012-02-09 01:26:32	1328747192	Mint Royal	Don't Falter	GB
697	2012-03-29 04:21:32	1332987692	Mumford & Sons	White Blank Page	GB
495	2012-03-29 03:48:14	1332985694	Nadia Ali	Rapture	GB
831	2012-02-09 03:08:22	1328753302	Neil Diamond	Cherry Cherry	GB
134	2012-03-29 02:48:41	1332982121	Nelly Furtado	I'm Like a Bird	GB
146	2012-02-09 01:13:30	1328746410	Nerina Pallot	All Bets Are Off	GB
851	2012-02-09 03:12:57	1328753577	Nerina Pallot	All Bets Are Off	GB
862	2012-01-20 13:29:00	1327062540	Noah & The Whale	Give It All Back	GB
397	2012-02-09 01:55:54	1328748954	Oasis	Morning Glory	GB
989	2012-01-20 13:47:20	1327063640	Olly Murs	Dance With Me Tonight	GB
31	2012-03-29 02:25:22	1332980722	One Night Only	Say You Don't Want It	GB
159	2012-03-29 02:54:15	1332982455	Paul Weller	That Dangerous Age	GB
815	2012-03-29 04:40:49	1332988849	Paula Cole	Where Have All the Cowboys Gone	GB
698	2012-02-09 02:44:04	1328751844	Peter Gabriel	Games Without Frontiers	GB
907	2012-01-20 13:34:09	1327062849	Pixie Lott	Till the Sun Comes Out	GB
175	2012-03-29 02:57:33	1332982653	Prince	I Would Die 4 U	GB
933	2012-01-20 13:40:06	1327063206	Pulled Apart By Horses	V.E.N.O.M	GB
352	2012-02-09 01:48:26	1328748506	Pulp	Help the Aged	GB
895	2012-02-09 03:23:04	1328754184	Reba McEntire	Turn on the Radio	GB
871	2012-02-09 03:18:15	1328753895	Redshape	The Land	GB
285	2012-03-29 03:19:24	1332983964	Rustie	Surph	GB
324	2012-03-29 03:23:54	1332984234	Sean Paul	She Doesn't Mind	GB
445	2012-03-29 03:42:06	1332985326	Strawberry Switchblade	Dance	GB
480	2012-03-29 03:46:28	1332985588	Strawberry Switchblade	By the Sea	GB
821	2012-03-29 04:41:30	1332988890	Swedish House Mafia	Greyhound	GB
604	2012-08-01 14:28:44	1343824124	SWV	Do Ya	GB
905	2012-01-20 13:33:43	1327062823	Taio Cruz	Troublemaker	GB
659	2012-02-09 02:39:14	1328751554	Tavares	More Than a Woman	GB
485	2012-02-09 02:09:12	1328749752	Temptations	The Way You do the Things You Do	GB
935	2012-02-09 03:31:52	1328754712	Texas	Summer Son	GB
47	2012-02-09 00:56:14	1328745374	The Bees	Chicken Payback	GB
597	2012-02-09 02:26:32	1328750792	The Charlatans	Then	GB
239	2012-08-01 20:15:31	1343844931	The Click Five	Say Goodnight	GB
801	2012-02-09 03:03:49	1328753029	The Cure	Friday I'm in Love	GB
639	2012-02-09 02:35:20	1328751320	The Ronettes	Be My Baby	GB
340	2012-02-09 01:45:13	1328748313	The Twilight Sad	Another Bed	GB
791	2012-03-29 04:37:02	1332988622	The Vaccines	If You Wanna	GB
73	2012-03-29 02:34:59	1332981299	The Who	Baba O'Riley	GB
204	2012-03-29 03:04:01	1332983041	Three Dog Night	Mama Told Me Not to Come	GB
60	2012-02-09 01:00:12	1328745612	Tom Petty	Here Comes My Girl	GB
117	2012-02-09 01:08:12	1328746092	U2	City of Blinding Lights	GB
3	2012-03-29 02:21:01	1332980461	Van Morrison	Hey Mr DJ	GB
629	2012-02-09 02:34:38	1328751278	Yeah Yeah Yeahs	Zero	GB
652	2012-02-09 02:38:04	1328751484	Yeah Yeah Yeahs	Pin	GB
671	2012-08-01 14:41:35	1343824895	Alesana	Annabel	GR
877	2012-08-01 15:36:17	1343828177	Bob Dylan	If Not for You	GR
894	2012-08-01 15:39:39	1343828379	Bob Dylan	Day of the Locusts	GR
1003	2012-08-01 16:01:43	1343829703	Bob Dylan	Winterlude	GR
416	2012-08-01 20:56:50	1343847410	Neil Young	Powderfinger	GR
865	2012-01-20 13:29:01	1327062541	Simple Plan	No Love	GR
879	2012-01-20 13:31:29	1327062689	Simple Plan	What If	GR
923	2012-01-20 13:37:07	1327063027	Simple Plan	Holding On	GR
959	2012-01-20 13:44:42	1327063482	Adele	Rolling in the Deep	ID
63	2012-02-09 01:00:42	1328745642	AKB48	Heavy Rotation	ID
325	2012-02-09 01:42:34	1328748154	Alexisonfire	Jubella	ID
940	2012-01-20 13:40:59	1327063259	Anggun	In Your Mind	ID
507	2012-08-01 21:19:57	1343848797	Audy	Menangis Semalam	ID
690	2012-08-01 14:46:01	1343825161	Avril Lavigne	Wish You Were Here	ID
838	2012-08-01 15:28:14	1343827694	Avril Lavigne	Alice	ID
926	2012-01-20 13:37:45	1327063065	BoB feat. Bruno Mars	It Will Rain	ID
174	2012-07-30 14:45:33	1343652333	Carly Rae Jepsen	Good Time	ID
635	2012-03-29 04:12:20	1332987140	Colbie Caillat	Realize	ID
981	2012-01-20 13:46:48	1327063608	Coldplay	Paradise	ID
155	2012-07-30 14:37:09	1343651829	Coldplay	Fix You	ID
213	2012-07-30 14:53:03	1343652783	Coldplay	Fix You	ID
212	2012-03-29 03:07:14	1332983234	Cover Drive	Twilight	ID
215	2012-03-29 03:07:36	1332983256	Cover Drive	Twilight	ID
1011	2012-01-20 13:49:51	1327063791	Dewa 19	Larut	ID
849	2012-02-09 03:12:39	1328753559	Elvis	Unchained Melody	ID
921	2012-01-20 13:37:06	1327063026	Feist	Tout doucement	ID
248	2012-03-29 03:13:48	1332983628	Fiona Apple	Across the Universe	ID
749	2012-03-29 04:31:35	1332988295	Frankie J	More Than Words	ID
736	2012-02-09 02:51:21	1328752281	Geisha	Pergi saja	ID
603	2012-02-09 02:27:06	1328750826	IU	Someday	ID
612	2012-08-01 14:29:42	1343824182	John Legend	Someday	ID
617	2012-03-29 04:08:22	1332986902	Justin Bieber	Boyfriend	ID
150	2012-07-30 14:35:39	1343651739	Justin Bieber	Boyfriend	ID
729	2012-03-29 04:28:44	1332988124	Katy Perry	The One That Got Away	ID
164	2012-07-30 14:39:39	1343651979	Katy Perry	Not Like the Movies	ID
830	2012-08-01 15:26:57	1343827617	Katy Perry	Wide Awake	ID
932	2012-02-09 03:29:23	1328754563	Kotak	Masih Cinta	ID
601	2012-02-09 02:26:57	1328750817	Kylie	Come Into My World	ID
77	2012-07-30 14:18:10	1343650690	Lady GaGa	Just Dance	ID
681	2012-08-01 14:43:24	1343825004	Lady GaGa	Judas	ID
769	2012-02-09 02:58:38	1328752718	Lenny Kravitz	Stand by My Woman	ID
107	2012-02-09 01:06:48	1328746008	Lifehouse	Blind	ID
860	2012-08-01 15:32:10	1343827930	Linkin Park	Burning in the Skies	ID
589	2012-02-09 02:25:36	1328750736	LMFAO	Sexy and I know it	ID
647	2012-02-09 02:36:33	1328751393	LMFAO	Party Rock Anthem	ID
1004	2012-02-09 03:44:26	1328755466	Luther Vandross	Dance With My Father	ID
217	2012-07-30 14:55:30	1343652930	M2M	Pretty Boy	ID
88	2012-07-30 14:22:33	1343650953	Muse	House of the Rising Sun	ID
166	2012-07-30 14:41:08	1343652068	Naif	Tidurlah	ID
608	2012-08-01 14:29:03	1343824143	NO F-X	The Decline	ID
354	2012-02-09 01:48:32	1328748512	One Direction	One Thing	ID
160	2012-02-09 01:15:25	1328746525	Padi	Menanti Sebuah Jawaban	ID
516	2012-02-09 02:13:26	1328750006	Paramore	In the Mourning	ID
220	2012-02-09 01:26:34	1328747194	peterpan	Melawan Dunia	ID
129	2012-07-30 14:32:24	1343651544	peterpan	Kisah Cintaku	ID
734	2012-08-01 14:57:02	1343825822	peterpan	Kota Mati	ID
761	2012-08-01 15:03:32	1343826212	peterpan	Mungkin Nanti	ID
784	2012-08-01 15:12:56	1343826776	peterpan	Ku Katakan Dengan Indah	ID
857	2012-08-01 15:31:54	1343827914	Queen	Mustapha	ID
169	2012-07-30 14:42:34	1343652154	Radiohead	Creep	ID
900	2012-08-01 15:40:02	1343828402	Rammstein	Engel	ID
298	2012-03-29 03:21:16	1332984076	Ratu	Dear Diary	ID
268	2012-03-29 03:15:45	1332983745	Rebecca Black	Friday	ID
67	2012-03-29 02:33:39	1332981219	Rihanna	Fly	ID
512	2012-03-29 03:50:02	1332985802	Rolling Stones	Paint It Black	ID
917	2012-01-20 13:36:29	1327062989	Secondhand Serenade	Fall for You	ID
874	2012-08-01 15:35:42	1343828142	Secondhand Serenade	Awake	ID
829	2012-03-29 04:43:28	1332989008	Seventeen	Menemukanmu	ID
995	2012-01-20 13:47:52	1327063672	Simple Plan	You Suck At Love	ID
998	2012-01-20 13:47:52	1327063672	Simple Plan	You Suck At Love	ID
58	2012-02-09 01:00:04	1328745604	Skrillex	With You Friends	ID
683	2012-02-09 02:42:30	1328751750	Sky Sailing	Captains of the Sky	ID
861	2012-01-20 13:28:27	1327062507	Sore	Karolina	ID
971	2012-01-20 13:46:02	1327063562	T-ara	Cry Cry	ID
763	2012-08-01 15:04:45	1343826285	T-ara	Cry Cry	ID
780	2012-08-01 15:10:38	1343826638	T-ara	Cry Cry	ID
996	2012-08-01 16:01:13	1343829673	ten2five	Happy Birthday	ID
599	2012-03-29 04:03:40	1332986620	The Beatles	You Like Me Too Much	ID
943	2012-01-20 13:41:36	1327063296	The Click Five	Empty	ID
168	2012-07-30 14:41:11	1343652071	The Cure	Pictures of You	ID
116	2012-07-30 14:29:55	1343651395	The Offspring	OC Guns	ID
565	2012-03-29 03:57:42	1332986262	Train	Marry Me	ID
694	2012-03-29 04:20:59	1332987659	Train	Marry Me	ID
675	2012-08-01 14:41:38	1343824898	Ungu	Selamanya	ID
369	2012-02-09 01:51:47	1328748707	Vierra	Kesepian	ID
708	2012-03-29 04:23:34	1332987814	Westlife	Fragile Heart	ID
95	2012-07-30 14:25:08	1343651108	Westlife	The Easy Way	ID
967	2012-02-09 03:35:27	1328754927	Wiz Khalifa	Roll Up	ID
286	2012-08-01 20:24:22	1343845462	Wiz Khalifa	Payphone	ID
850	2012-08-01 15:30:24	1343827824	Yiruma	Kiss the Rain	ID
70	2012-07-30 14:17:10	1343650630	YUI	Tomorrow's way	ID
692	2012-08-01 14:46:38	1343825198	Supertramp	Dreamer	IE
198	2012-03-29 03:02:20	1332982940	Deadmau5	Strobe	IN
853	2012-07-23 16:24:39	1343053479	OneRepublic	Apologize	IN
524	2012-08-01 21:23:04	1343848984	A Day to Remember	If It Means a Lot to You	IT
41	2012-07-30 14:09:45	1343650185	Skyzoo	Designer Drugs	IT
426	2012-08-01 21:00:47	1343847647	The Vaccines	Lonely World	IT
627	2012-08-01 14:34:52	1343824492	Police, The	Walking on the Moon	JP
28	2012-02-09 00:50:47	1328745047	Sia	Titanium	KE
178	2012-03-29 02:58:40	1332982720	Lloyd	Sabotage	KR
901	2012-01-20 13:33:39	1327062819	Amber Pacific	You're Only Young Once	KW
818	2012-02-09 03:07:07	1328753227	J. Cole	Nobody's Perfect	KY
988	2012-08-01 15:58:27	1343829507	Birdy	Skinny Love	MA
529	2012-08-01 21:24:02	1343849042	Rohff	Testament	MA
832	2012-08-01 15:27:50	1343827670	Black Squirrel (Broken, Beat & Scarred).mp3	One	MV
740	2012-08-01 14:58:27	1343825907	30 Seconds to Mars	Battle of One	MX
776	2012-08-01 15:07:17	1343826437	Bom Gosto	Curtindo a Vida	MX
232	2012-02-09 01:28:37	1328747317	Cerati	Crimen	MX
473	2012-02-09 02:05:46	1328749546	Coldplay	Paradise	MX
843	2012-08-01 15:28:51	1343827731	Coldplay	Talk	MX
902	2012-08-01 15:40:38	1343828438	DO	Love Me	MX
823	2012-03-29 04:42:25	1332988945	Don	Ella y yo	MX
437	2012-02-09 02:00:00	1328749200	Dream Theater	Voices	MX
518	2012-02-09 02:13:41	1328750021	Dream Theater	The Mirror	MX
541	2012-02-09 02:18:11	1328750291	Dream Theater	Lie	MX
20	2012-02-09 00:47:26	1328744846	Edgar Oceransky	Kilometros de cielo	MX
295	2012-02-09 01:39:36	1328747976	Foster The People	Houdini	MX
663	2012-08-01 14:40:16	1343824816	Gorillaz	On Melancholy Hill	MX
645	2012-08-01 14:38:20	1343824700	Jaguares	Te lo pido por favor	MX
744	2012-03-29 04:31:14	1332988274	Jorge Drexler	Soledad	MX
602	2012-03-29 04:04:24	1332986664	Judas Priest	Electric Eye	MX
810	2012-08-01 15:20:38	1343827238	Linkin Park	What I've Done	MX
685	2012-03-29 04:19:26	1332987566	Los Concorde	Contigo	MX
759	2012-08-01 15:03:30	1343826210	Los Fabulosos Cadillacs	Gallo rojo	MX
316	2012-08-01 20:30:56	1343845856	Maroon 5	Sad	MX
176	2012-02-09 01:19:28	1328746768	Molotov	Que no te haga bobo Jacobo	MX
997	2012-02-09 03:42:26	1328755346	Neon Indian	Polish Girl	MX
196	2012-02-09 01:21:14	1328746874	Pablo Montero	Hay Otra En Tu Lugar	MX
687	2012-08-01 14:45:19	1343825119	Pantera	Psycho Holiday	MX
934	2012-01-20 13:40:06	1327063206	Parlovr	Pen to the Paper	MX
598	2012-08-01 14:27:07	1343824027	Queen	Under Pressure	MX
748	2012-03-29 04:31:27	1332988287	Scorpions	Rock You Like a Hurricane	MX
30	2012-03-29 02:24:29	1332980669	Skrillex	Bangarang	MX
646	2012-03-29 04:13:05	1332987185	T Pain	Turn All the Lights On	MX
928	2012-02-09 03:28:22	1328754502	They Might Be Giants	Boss of Me	MX
94	2012-07-30 14:24:19	1343651059	Akon	Be With You	MY
109	2012-07-30 14:28:49	1343651329	Angels & Airwaves	Everything's Magic	MY
781	2012-08-01 15:10:56	1343826656	Avenged Sevenfold	Welcome to the Family	MY
906	2012-02-09 03:24:40	1328754280	Beachwood Sparks	By Your Side	MY
975	2012-08-01 15:54:13	1343829253	Bittersweet	Get It On	MY
714	2012-03-29 04:25:15	1332987915	Bunga Citra Lestari	Saat Kau Pergi	MY
841	2012-02-09 03:11:55	1328753515	Cassie	Official Girl	MY
228	2012-03-29 03:10:14	1332983414	Fun	We Are Young	MY
737	2012-03-29 04:30:25	1332988225	Hujan	Kuala Lumpur	MY
982	2012-08-01 15:56:03	1343829363	Jason Mraz	I Won't Give Up	MY
824	2012-02-09 03:07:48	1328753268	Jessie J	Domino	MY
913	2012-01-20 13:35:59	1327062959	JoJo	Disaster	MY
104	2012-03-29 02:42:15	1332981735	Katy Perry	The One That Got Away	MY
782	2012-08-01 15:12:35	1343826755	Kelly Clarkson	Already Gone	MY
949	2012-08-01 15:49:12	1343828952	Leona Lewis	Better in Time	MY
870	2012-08-01 15:34:52	1343828092	Little Big Town	Pontoon	MY
764	2012-02-09 02:57:47	1328752667	Muse	New Born	MY
103	2012-02-09 01:04:51	1328745891	peterpan	Mungkin Nanti	MY
840	2012-08-01 15:28:43	1343827723	Rihanna	Talk That Talk	MY
221	2012-07-30 14:56:33	1343652993	Simple Plan	Your Love is a Lie	MY
25	2012-07-30 14:07:32	1343650052	SUPER JUNIOR	Mr. Simple	MY
266	2012-03-29 03:15:32	1332983732	Take That	Patience	MY
968	2012-01-20 13:45:42	1327063542	Taylor Swift	Ours	MY
798	2012-03-29 04:38:36	1332988716	Taylor Swift	Ours	MY
872	2012-01-20 13:30:25	1327062625	The Script	Talk You Down	MY
22	2012-03-29 02:23:33	1332980613	The Wanted	Gold Forever	MY
912	2012-08-01 15:42:00	1343828520	The White Stripes	Seven Nation Army	MY
876	2012-01-20 13:31:07	1327062667	Weezer	Island in the Sun	MY
571	2012-02-09 02:22:18	1328750538	Yuna	Terukir di Bintang	MY
7	2012-07-30 14:06:33	1343649993	Maria Carey	Love Takes Time	NG
778	2012-08-01 15:08:33	1343826513	Chris Brown	Turn Up the Music	NL
931	2012-01-20 13:38:39	1327063119	Destiny's Child	Survivor	NL
725	2012-08-01 14:54:54	1343825694	Eminem	Beautiful	NL
976	2012-01-20 13:46:36	1327063596	Howie B	Who's Got The Bacon	NL
563	2012-08-01 21:34:55	1343849695	Meek Mill	Everyday	NL
576	2012-08-01 21:38:45	1343849925	Professor Green	Today I Cried	NL
120	2012-07-30 14:30:51	1343651451	Varien	Mirrors	NL
259	2012-08-01 20:20:34	1343845234	The Weeknd	Thursday	NZ
45	2012-02-09 00:55:56	1328745356	Here Comes the Kraken	Confessions of What I've Done	PA
42	2012-07-30 14:10:05	1343650205	Pitbull	There She Goes	PA
722	2012-08-01 14:54:18	1343825658	Air Supply	All Out of Love	PH
368	2012-03-29 03:30:48	1332984648	Earl	Earl	PH
606	2012-08-01 14:28:49	1343824129	Mayday Parade	Miserable at Best	PH
643	2012-08-01 14:38:09	1343824689	Miley Cyrus	I Miss You	PH
312	2012-02-09 01:40:55	1328748055	Adele	Take It All	PR
311	2012-08-01 20:30:00	1343845800	Kaskade	Move for Me	PR
331	2012-08-01 20:34:07	1343846047	Yeah Yeah Yeahs	Heads Will Roll	PR
828	2012-02-09 03:08:17	1328753297	BoB feat. Bruno Mars	Nothing on You	RU
979	2012-01-20 13:46:36	1327063596	Coldplay	Paradise	RU
892	2012-02-09 03:22:25	1328754145	Groove Armada	My Friend	RU
641	2012-08-01 14:37:44	1343824664	Ne-Yo	Hands In the Air	RU
773	2012-03-29 04:36:03	1332988563	Nicki Minaj	I Am Your Leader	RU
92	2012-02-09 01:03:24	1328745804	Arctic Monkeys	No Buses	SG
254	2012-08-01 20:18:55	1343845135	Cinematic Sunrise	Umbrellas and Elephants	SG
53	2012-07-30 14:12:00	1343650320	Daughtry	Over You	SG
55	2012-02-09 00:59:02	1328745542	Scorpions	Always Somewhere	SG
677	2012-03-29 04:18:20	1332987500	2Pac	Temptations	SV
282	2012-03-29 03:18:57	1332983937	Blur	Song 2	SV
775	2012-03-29 04:36:28	1332988588	Bon Jovi	Bed of Roses	SV
145	2012-07-30 14:34:32	1343651672	Disturbed	Decadence	SV
788	2012-03-29 04:36:31	1332988591	Blur	Tender	TH
19	2012-02-09 00:46:06	1328744766	A Day to Remember	The Downfall of Us All	TR
57	2012-02-09 00:59:26	1328745566	A Day to Remember	Have Faith in Me	TR
938	2012-02-09 03:32:15	1328754735	Adamo	Tombe la neige	TR
317	2012-02-09 01:41:55	1328748115	Axwell	Feel the Vibe	TR
247	2012-02-09 01:32:15	1328747535	Blonde Redhead	Elephant Woman	TR
676	2012-02-09 02:41:14	1328751674	Blonde Redhead	Misery is a Butterfly	TR
151	2012-02-09 01:14:13	1328746453	Feist	Lonely Lonely	TR
185	2012-02-09 01:20:17	1328746817	Lady GaGa	Just Dance	TR
208	2012-02-09 01:25:10	1328747110	Lil Wayne	I'm into You	TR
523	2012-02-09 02:14:14	1328750054	Patrick Wolf	Damaris	TR
985	2012-02-09 03:41:15	1328755275	Pretenders	Back on the Chain Gang	TR
679	2012-08-01 14:42:12	1343824932	Queen	Don't Stop Me Now	TR
858	2012-02-09 03:14:15	1328753655	Sam Brown	Stop	TR
399	2012-02-09 01:56:14	1328748974	Scorpions	Dust in the Wind	TR
364	2012-02-09 01:50:28	1328748628	Tan	Neler Neler	TR
619	2012-02-09 02:32:15	1328751135	Tina Turner	I Dont Wanna Lose You	TR
201	2012-02-09 01:23:14	1328746994	Viktor Lazlo	Put the Blame on Mame	TR
283	2012-08-01 20:24:17	1343845457	Justin Timberlake	Like I Love You	UA
241	2012-08-01 20:15:40	1343844940	"Edward ""Sonny"" Bivins"	Kiss & Say Goodbye	US
314	2012-08-01 20:30:33	1343845833	2 Chainz	No Lie	US
896	2012-01-20 13:33:37	1327062817	2Pac	Black Jesus	US
465	2012-02-09 02:05:03	1328749503	2Pac	Ghetto Gospel	US
424	2012-08-01 21:00:00	1343847600	2Pac	Hit Em Up	US
362	2012-08-01 20:43:14	1343846594	30 Seconds to Mars	Kings and Queens	US
350	2012-02-09 01:48:24	1328748504	50 Cent	Get in My Car	US
136	2012-02-09 01:11:49	1328746309	Aaliyah	If Your Girl Only Knew	US
762	2012-02-09 02:57:32	1328752652	Aaliyah	At Your Best	US
262	2012-03-29 03:15:25	1332983725	Actual Proof	Black Boy Radio	US
539	2012-02-09 02:18:09	1328750289	Adele	One and Only	US
955	2012-02-09 03:34:41	1328754881	Adele	Make You Feel My Love	US
807	2012-08-01 15:19:58	1343827198	Adele	Set Fire to the Rain	US
49	2012-02-09 00:57:16	1328745436	Al Tariq	Think Not	US
678	2012-02-09 02:41:37	1328751697	Alicia Keys	My Boo	US
497	2012-03-29 03:48:28	1332985708	Alicia Keys	If I Ain't Got You	US
863	2012-02-09 03:15:52	1328753752	Amy Winehouse	Wake Up Alone	US
885	2012-02-09 03:20:16	1328754016	Amy Winehouse	Valerie	US
460	2012-03-29 03:44:06	1332985446	Ashanti	Over	US
552	2012-02-09 02:20:38	1328750438	ATL	Make It Up With Love	US
564	2012-02-09 02:21:37	1328750497	Atmosphere	You	US
124	2012-03-29 02:46:59	1332982019	Atmosphere	Became	US
6	2012-02-09 00:44:30	1328744670	Avant	When It Hurts	US
112	2012-02-09 01:07:39	1328746059	Avant	Lie About Us	US
420	2012-02-09 01:58:05	1328749085	Aventura	El malo	US
459	2012-02-09 02:04:26	1328749466	Aventura	Dile al amor	US
366	2012-02-09 01:51:12	1328748672	Big Sean	My Last	US
717	2012-03-29 04:26:46	1332988006	Big Sean	Don't Tell Me You Love Me	US
474	2012-03-29 03:45:48	1332985548	BLACKstreet	Dont Leave Me	US
707	2012-03-29 04:23:20	1332987800	BoB feat. Bruno Mars	Billionaire	US
46	2012-03-29 02:27:56	1332980876	Bobby	Sex in the Lounge	US
456	2012-03-29 03:43:20	1332985400	Bone Thugs-N-Harmony	1st of tha Month	US
39	2012-02-09 00:55:02	1328745302	Boys2Men	End of the Road	US
577	2012-02-09 02:23:32	1328750612	Brantley Gilbert	You Don't Know Her Like I Do	US
14	2012-03-29 02:22:20	1332980540	Brantley Gilbert	Country Must Be Country Wide	US
710	2012-02-09 02:46:18	1328751978	Brian McKnight	Anytime	US
451	2012-03-29 03:42:52	1332985372	Building 429	You Save Me	US
184	2012-03-29 02:59:37	1332982777	Bun B	Pimps	US
83	2012-03-29 02:37:48	1332981468	Carlos Santana	Maria Maria	US
490	2012-03-29 03:47:38	1332985658	Carrie Underwood	Good Girl	US
709	2012-03-29 04:24:05	1332987845	Carrie Underwood	I Told You So	US
757	2012-08-01 15:02:49	1343826169	Carrie Underwood	Blown Away	US
432	2012-02-09 01:58:31	1328749111	Cartel	The Fortunate	US
754	2012-08-01 15:02:03	1343826123	Cassie	Me & You	US
357	2012-02-09 01:48:39	1328748519	Catch 22	Alone in a Crowd	US
35	2012-02-09 00:53:29	1328745209	Cher	Believe	US
492	2012-08-01 21:17:00	1343848620	Cher Lloyd	Want U Back	US
728	2012-02-09 02:48:26	1328752106	Chris Brown	Body on Mine	US
747	2012-02-09 02:55:02	1328752502	Chris Brown	So Cold	US
875	2012-02-09 03:19:19	1328753959	Chris Brown	Talk That Shit	US
873	2012-02-09 03:19:19	1328753959	Chris Brown	Talk That Shit	US
914	2012-02-09 03:25:51	1328754351	Chris Brown	You	US
588	2012-03-29 04:01:26	1332986486	Chris Brown	I Wanna Be	US
656	2012-03-29 04:14:58	1332987298	Chris Brown	Strip	US
309	2012-08-01 20:29:06	1343845746	Chris Brown	No Bullshit	US
522	2012-08-01 21:22:54	1343848974	Chris Brown	4 Years Old	US
688	2012-02-09 02:43:12	1328751792	Christina Milian	Us Against the World	US
889	2012-02-09 03:20:22	1328754022	Coldplay	The Scientist	US
172	2012-03-29 02:56:08	1332982568	Coldplay	Paradise	US
101	2012-07-30 14:26:49	1343651209	Coldplay	Paradise	US
661	2012-02-09 02:39:26	1328751566	Common	Come Close	US
71	2012-07-30 14:17:27	1343650647	D'Angelo	Lady	US
726	2012-03-29 04:28:32	1332988112	D-12	Fight Music	US
987	2012-02-09 03:41:37	1328755297	Deadmau5	One Trick Pony	US
651	2012-08-01 14:38:42	1343824722	Dixie Chicks	You Were Mine	US
347	2012-02-09 01:47:28	1328748448	DJ Khaled	I'm on One	US
965	2012-02-09 03:35:04	1328754904	Donna Summer	She Works Hard for the Money	US
2	2012-02-09 00:43:32	1328744612	Drake	Find Your Love	US
74	2012-02-09 01:02:45	1328745765	Drake	Trust Issues	US
572	2012-02-09 02:22:22	1328750542	Drake	Doing It Wrong	US
730	2012-02-09 02:49:33	1328752173	Drake	Practice	US
969	2012-02-09 03:35:35	1328754935	Drake	Shut It Down	US
345	2012-03-29 03:26:15	1332984375	Drake	Doing It Wrong	US
406	2012-03-29 03:35:55	1332984955	Drake	Champion	US
727	2012-03-29 04:28:42	1332988122	Drake	Practice	US
699	2012-08-01 14:48:04	1343825284	Drake	Headlines	US
700	2012-08-01 14:48:26	1343825306	Drake	Lord Knows	US
984	2012-08-01 15:56:08	1343829368	Drake	The Real Her	US
349	2012-08-01 20:38:27	1343846307	Drake	Sooner Than Later	US
582	2012-03-29 04:00:45	1332986445	Ed Sheeran	Let it Out	US
760	2012-02-09 02:57:22	1328752642	El Presidente	Mr. Nice Watch	US
1001	2012-02-09 03:43:31	1328755411	El Presidente	Excuse Me Miss	US
1006	2012-08-01 16:02:17	1343829737	Elle Varner	Refill	US
493	2012-03-29 03:47:54	1332985674	Ellie Goulding	Starry Eyed	US
363	2012-08-01 20:43:17	1343846597	Elliott Yamin	Wait for You	US
802	2012-08-01 15:18:23	1343827103	Eminem	Superman	US
158	2012-03-29 02:54:03	1332982443	Fabolous	Can't let you go	US
275	2012-08-01 20:23:36	1343845416	Flogging Molly	If I Ever Leave This World Alive	US
379	2012-08-01 20:47:16	1343846836	Forever the Sickest Kids	Believe Me I'm Lying	US
983	2012-02-09 03:40:42	1328755242	Frank Ocean	Thinkin Bout You	US
628	2012-03-29 04:11:17	1332987077	Frank Ocean	White	US
666	2012-03-29 04:17:30	1332987450	Frank Ocean	We All Try	US
472	2012-08-01 21:11:59	1343848319	French Montana	Pop That	US
528	2012-03-29 03:52:50	1332985970	Fun	We Are Young	US
487	2012-02-09 02:10:01	1328749801	Future	Ring Ring	US
750	2012-02-09 02:55:59	1328752559	Future	No Matter What	US
836	2012-08-01 15:28:00	1343827680	Future	Neva End	US
504	2012-08-01 21:19:46	1343848786	Future	Transform	US
373	2012-08-01 20:46:52	1343846812	Gavin DeGraw	Not Over You	US
789	2012-02-09 03:00:47	1328752847	Ginuwine	Do You Remember	US
510	2012-03-29 03:49:48	1332985788	Godsmack	Voodoo	US
359	2012-03-29 03:28:13	1332984493	Green Day	Good Riddance	US
137	2012-02-09 01:11:55	1328746315	Gwen Stefani	Hollaback Girl	US
273	2012-08-01 20:22:43	1343845363	Gym Class Heroes	Faces in the Hall	US
839	2012-03-29 04:44:37	1332989077	Hi-Five	I Can't Wait Another Minute	US
477	2012-08-01 21:12:36	1343848356	Hollywood Undead	I Don't Wanna Die	US
530	2012-02-09 02:15:26	1328750126	Hopsin	Nocturnal Rainbows	US
808	2012-02-09 03:05:32	1328753132	Jagged Edge	I Gotta Be	US
310	2012-03-29 03:23:26	1332984206	Jagged Edge	Promise	US
431	2012-08-01 21:03:03	1343847783	Jagged Edge	Good Luck Charm	US
276	2012-02-09 01:36:25	1328747785	James Blake	Limit to Your Love	US
50	2012-02-09 00:57:24	1328745444	James Brown	I Got the Feelin	US
711	2012-08-01 14:52:39	1343825559	Jason Aldean	Fly Over States	US
648	2012-08-01 14:38:37	1343824717	Jason Mraz	I'm Yours	US
691	2012-02-09 02:43:15	1328751795	Jay Sean	Down	US
1010	2012-02-09 03:44:44	1328755484	Jay Sean	Do You Remember	US
890	2012-02-09 03:20:41	1328754041	Jazmine Sullivan	Stuttering	US
245	2012-02-09 01:31:56	1328747516	Jeezy	Trap or Die	US
625	2012-02-09 02:33:57	1328751237	John Mayer	Slow Dancing in a Burning Room	US
626	2012-02-09 02:34:29	1328751269	John Mayer	Slow Dancing in a Burning Room	US
630	2012-02-09 02:34:41	1328751281	John Mayer	Slow Dancing in a Burning Room	US
642	2012-02-09 02:35:30	1328751330	John Mayer	Slow Dancing in a Burning Room	US
463	2012-02-09 02:04:56	1328749496	Johnny Gill	In the Mood	US
226	2012-03-29 03:09:59	1332983399	JoJo	Weak	US
547	2012-03-29 03:55:26	1332986126	Jon B	They Don't Know	US
440	2012-02-09 02:01:15	1328749275	Justin Bieber	One Time	US
336	2012-03-29 03:25:19	1332984319	Justin Bieber	Boyfriend	US
433	2012-03-29 03:41:08	1332985268	Justin Bieber	Boyfriend	US
186	2012-07-30 14:48:57	1343652537	Justin Bieber	Thought of You	US
817	2012-08-01 15:22:41	1343827361	Justin Bieber	Boyfriend	US
371	2012-03-29 03:31:41	1332984701	Juvenile	Rodeo	US
374	2012-03-29 03:32:22	1332984742	K. Dot	Let Me Be Me	US
225	2012-02-09 01:27:15	1328747235	Kanye	Get Em High	US
470	2012-03-29 03:45:18	1332985518	Kanye	Heartless	US
792	2012-02-09 03:01:02	1328752862	Katy Perry	The One That Got Away	US
795	2012-02-09 03:01:23	1328752883	Keith Sweat	Twisted	US
941	2012-02-09 03:32:27	1328754747	Keith Sweat	Nobody	US
658	2012-03-29 04:15:09	1332987309	Keith Sweat	Right and a Wrong Way	US
508	2012-02-09 02:12:44	1328749964	Kelly Row	Keep It Between Us	US
800	2012-03-29 04:38:39	1332988719	Keri Hilson	Toy Soldier	US
454	2012-02-09 02:03:44	1328749424	Keyshia Cole	Trust	US
816	2012-02-09 03:06:44	1328753204	Kid Cudi	MANIAC	US
859	2012-02-09 03:14:24	1328753664	Kid Cudi	The End	US
878	2012-02-09 03:19:40	1328753980	Kid Cudi	Mojo So Dope	US
36	2012-03-29 02:26:00	1332980760	Kid Ink	What I Do	US
682	2012-03-29 04:19:06	1332987546	Kurupt	We Can Freak It	US
898	2012-02-09 03:23:31	1328754211	Lady GaGa	Poker Face	US
97	2012-02-09 01:04:06	1328745846	Lana Del Ray	Born to Die	US
257	2012-08-01 20:20:30	1343845230	Leave	Jojo	US
391	2012-03-29 03:34:02	1332984842	Lifehouse	Whatever It Takes	US
827	2012-03-29 04:42:57	1332988977	Lil Wayne	Mirror	US
852	2012-08-01 15:30:52	1343827852	Linkin Park	Burn It Down	US
638	2012-03-29 04:12:21	1332987141	Lionel Richie	Easy	US
537	2012-02-09 02:17:49	1328750269	Lyfe Jennings	Cry	US
636	2012-02-09 02:34:59	1328751299	Lyfe Jennings	I Can't	US
199	2012-03-29 03:02:21	1332982941	M. Jackson	You Are Not Alone	US
306	2012-02-09 01:40:39	1328748039	Mac Miller	All I Want Is You	US
16	2012-03-29 02:22:52	1332980572	Mac Miller	Fight the Feeling	US
139	2012-03-29 02:49:52	1332982192	Mac Miller	Aliens Fighting Robots	US
545	2012-03-29 03:55:22	1332986122	Mac Miller	The Mourning After	US
555	2012-03-29 03:56:59	1332986219	Mac Miller	All Around the World	US
560	2012-03-29 03:57:14	1332986234	Mac Miller	Loud	US
739	2012-03-29 04:30:42	1332988242	Mac Miller	Lucky Ass Bitch	US
303	2012-08-01 20:27:42	1343845662	Mac Miller	Donald Trump	US
68	2012-02-09 01:01:57	1328745717	Madonna	Ray of Light	US
417	2012-02-09 01:58:02	1328749082	Madonna	Music	US
418	2012-02-09 01:58:02	1328749082	Madonna	Music	US
353	2012-08-01 20:40:04	1343846404	Man Overboard	The Real You	US
51	2012-03-29 02:29:20	1332980960	Maria Carey	Lead the Way	US
161	2012-03-29 02:54:36	1332982476	Maria Carey	Shake It Off	US
29	2012-02-09 00:50:58	1328745058	Mario	Let Me Love You	US
721	2012-02-09 02:47:34	1328752054	Mario	Let Me Love You	US
974	2012-02-09 03:39:18	1328755158	Mario	Crying Out for Me	US
484	2012-03-29 03:47:04	1332985624	Medina	Addiction	US
880	2012-01-20 13:31:33	1327062693	Meek Mill	House Party	US
489	2012-08-01 21:16:52	1343848612	Meek Mill	Burn	US
911	2012-02-09 03:25:32	1328754332	Melanie Fiona	4 AM	US
813	2012-03-29 04:40:46	1332988846	Memphis May Fire	The Haunted	US
702	2012-02-09 02:44:16	1328751856	Metric	Grow Up and Blow Away	US
479	2012-02-09 02:07:58	1328749678	Metro Station	Kelsey	US
280	2012-08-01 20:24:16	1343845456	MGMT	Congratulations	US
723	2012-02-09 02:47:36	1328752056	Monica	For You I Will	US
924	2012-02-09 03:27:37	1328754457	Monica	My Everything	US
689	2012-03-29 04:20:29	1332987629	Mr Vegas	Sitting on My Corner	US
521	2012-03-29 03:50:53	1332985853	Musiq	Love	US
256	2012-03-29 03:14:29	1332983669	Nicki Minaj	Sex in the Lounge	US
448	2012-03-29 03:42:19	1332985339	Nicki Minaj	Whip It	US
680	2012-03-29 04:18:49	1332987529	Nicki Minaj	Whip It	US
556	2012-08-01 21:33:10	1343849590	Nile	Ithyphallic	US
9	2012-02-09 00:45:09	1328744709	Of Mice & Men	Purified	US
250	2012-03-29 03:13:51	1332983631	Olivia	Walk Away	US
624	2012-02-09 02:33:41	1328751221	Omarion	O	US
756	2012-02-09 02:56:48	1328752608	Omarion	O	US
741	2012-02-09 02:52:12	1328752332	One Way	Cutie Pie	US
693	2012-02-09 02:43:21	1328751801	OutKast	She Lives in My Lap	US
320	2012-03-29 03:23:49	1332984229	OutKast	Vibrate	US
622	2012-02-09 02:33:40	1328751220	Pantera	25 Years	US
881	2012-02-09 03:19:53	1328753993	Paul Baribeau	Eight Letters	US
1007	2012-02-09 03:44:28	1328755468	Petey Pablo	Freek-a-leek	US
954	2012-02-09 03:34:21	1328754861	Pharell	That Girl	US
235	2012-02-09 01:29:22	1328747362	Phoenix	Lasso	US
835	2012-03-29 04:44:25	1332989065	Puff Daddy	Senorita	US
296	2012-02-09 01:39:49	1328747989	Pussycat Dolls	Buttons	US
153	2012-02-09 01:14:45	1328746485	Queen	Fat Bottomed Girls	US
963	2012-08-01 15:52:49	1343829169	Queen	Action This Day	US
669	2012-02-09 02:40:33	1328751633	Ray J	One Wish	US
758	2012-03-29 04:33:16	1332988396	Ricardo Arjona	El problema	US
330	2012-02-09 01:43:14	1328748194	Rick Ross	Why	US
583	2012-08-01 14:23:57	1343823837	Rick Ross	Presidential	US
950	2012-08-01 15:49:15	1343828955	Rick Ross	Diced Pineapples	US
992	2012-08-01 16:00:55	1343829655	Rick Ross	Diced Pineapples	US
499	2012-08-01 21:19:15	1343848755	Rick Ross	Diced Pineapples	US
531	2012-03-29 03:53:14	1332985994	Ricky 'Magic' Martin	Tal vez	US
575	2012-03-29 03:59:31	1332986371	Ricky 'Magic' Martin	Vuelve	US
607	2012-03-29 04:04:39	1332986679	Ricky 'Magic' Martin	Y todo queda en nada	US
52	2012-02-09 00:58:01	1328745481	Rihanna	Unfaithful	US
476	2012-02-09 02:06:39	1328749599	Rihanna	Skin	US
869	2012-02-09 03:18:00	1328753880	Rihanna	Fool in Love	US
377	2012-03-29 03:32:47	1332984767	Rihanna	Where Have You Been	US
453	2012-03-29 03:42:53	1332985373	Rihanna	You da One	US
724	2012-03-29 04:28:32	1332988112	Rihanna	Russian Roulette	US
467	2012-03-29 03:45:05	1332985505	Robyn	Time Machine	US
540	2012-02-09 02:18:10	1328750290	Roger	Computer Love	US
409	2012-02-09 01:57:09	1328749029	Rusko	I Love You	US
609	2012-02-09 02:28:27	1328750907	Safetysuit	Believe	US
398	2012-08-01 20:53:54	1343847234	Sammie	I Like It	US
360	2012-03-29 03:28:55	1332984535	Sanctus Real	Keep My Heart Alive	US
772	2012-03-29 04:35:22	1332988522	ScHoolboy Q	Sacrilegious	US
23	2012-02-09 00:48:00	1328744880	Sean Paul	Gimme the Light	US
779	2012-08-01 15:10:17	1343826617	Secrets	The Ascent	US
562	2012-02-09 02:21:32	1328750492	Shai	If I Ever Fall in Love	US
957	2012-08-01 15:51:56	1343829116	Sleeping With Sirens	If You Can't Hang	US
595	2012-03-29 04:02:05	1332986525	Snow Patrol	You Could Be Happy	US
105	2012-02-09 01:05:28	1328745928	Soumia	Mes sentiments	US
327	2012-02-09 01:43:10	1328748190	Static X	Shadow Zone	US
550	2012-02-09 02:20:31	1328750431	Styx	Renegade	US
478	2012-03-29 03:46:10	1332985570	Sum 41	With Me	US
953	2012-02-09 03:34:17	1328754857	Survivor	Eye of the Tiger	US
385	2012-08-01 20:47:54	1343846874	Talking Heads	Burning Down the House	US
766	2012-02-09 02:58:07	1328752687	Tank	Amazing	US
746	2012-03-29 04:31:26	1332988286	Temptations	I Wish It Would Rain	US
441	2012-03-29 03:41:45	1332985305	The Beatles	Day Tripper	US
113	2012-03-29 02:44:18	1332981858	The Cranberries	Zombie	US
496	2012-02-09 02:11:38	1328749898	The Devil Wears Prada	Still Fly	US
388	2012-03-29 03:33:50	1332984830	The Maine	The Way We Talk	US
200	2012-02-09 01:22:42	1328746962	The Script	Before the Worst	US
351	2012-03-29 03:26:30	1332984390	The Weeknd	Echoes of Silence	US
458	2012-03-29 03:43:50	1332985430	The Weeknd	Rolling Stone	US
670	2012-03-29 04:17:46	1332987466	The Weeknd	The Knowing	US
806	2012-08-01 15:19:42	1343827182	The Weeknd	Wicked Games	US
277	2012-03-29 03:18:27	1332983907	Tiffany Evans	I'll Be There	US
930	2012-01-20 13:38:38	1327063118	TLC	Creep	US
152	2012-07-30 14:35:42	1343651742	Tom Waits	Bad as Me	US
980	2012-02-09 03:39:59	1328755199	Toni Braxton	Unbreak My Heart	US
162	2012-03-29 02:54:40	1332982480	Train	Drops of Jupiter	US
447	2012-02-09 02:02:46	1328749366	Trey Songz	Jupiter Love	US
812	2012-02-09 03:05:53	1328753153	Trey Songz	One Love	US
224	2012-03-29 03:09:11	1332983351	Trey Songz	Jupiter Love	US
334	2012-03-29 03:25:04	1332984304	Trey Songz	Can't Be Friends	US
436	2012-03-29 03:41:34	1332985294	Trey Songz	Neighbors Know My Name	US
705	2012-08-01 14:49:03	1343825343	Trey Songz	Love Faces	US
455	2012-08-01 21:08:06	1343848086	Trivium	Dying in Your Arms	US
561	2012-02-09 02:21:18	1328750478	Troop	Sweet November	US
111	2012-02-09 01:07:30	1328746050	Tyga	Ayy Ladies	US
544	2012-02-09 02:18:36	1328750316	Tyga	Far Away	US
715	2012-02-09 02:47:01	1328752021	Tyga	Diamond Life	US
8	2012-03-29 02:21:45	1332980505	Tyga	Far Away	US
400	2012-03-29 03:35:42	1332984942	Tyga	Faded	US
587	2012-02-09 02:25:26	1328750726	Tyrese	Stay	US
686	2012-02-09 02:42:56	1328751776	Tyrese	How You Gonna Act Like That	US
143	2012-03-29 02:50:23	1332982223	Tyrese	One	US
156	2012-02-09 01:15:15	1328746515	Usher	You Remind Me	US
207	2012-03-29 03:04:58	1332983098	Usher	Climax	US
288	2012-03-29 03:19:57	1332983997	Usher	Climax	US
315	2012-08-01 20:30:36	1343845836	Usher	Burn	US
328	2012-08-01 20:33:20	1343846000	Usher	Love in This Club	US
584	2012-03-29 04:00:46	1332986446	Wale	Ambition	US
650	2012-03-29 04:14:21	1332987261	Wale	Miami Nights	US
654	2012-08-01 14:39:04	1343824744	Wale	Chillin	US
966	2012-01-20 13:45:41	1327063541	Webbie	Mo Ass	US
133	2012-02-09 01:11:18	1328746278	Webbie	I Miss You	US
65	2012-07-30 14:15:48	1343650548	Westlife	Nothing's Gonna Change My Love for You	US
553	2012-02-09 02:20:54	1328750454	Wiz Khalifa	California	US
573	2012-02-09 02:22:31	1328750551	Wiz Khalifa	Won't Land	US
649	2012-02-09 02:36:47	1328751407	Wiz Khalifa	Up	US
672	2012-03-29 04:17:50	1332987470	Wiz Khalifa	The Code	US
706	2012-03-29 04:22:34	1332987754	Wiz Khalifa	The Code	US
370	2012-02-09 01:52:10	1328748730	Woodkid	Brooklyn	US
667	2012-02-09 02:39:54	1328751594	Wynter Gordon	Dirty Talk	US
167	2012-03-29 02:55:24	1332982524	You Me At Six	The Consequence	US
414	2012-03-29 03:38:26	1332985106	Z-Ro	You	US
38	2012-03-29 02:26:21	1332980781	Zacarias Ferreira	Es Tan Dificil	US
